Community_ID,Nodes_FIXED,Edges_FIXED,Density_FIXED,Nodes_ORIGINAL,Edges_ORIGINAL,Density_ORIGINAL
1669,27,26,0.0740740740740741,27,0,0
1662,13,12,0.153846153846154,13,0,0
1342,9,8,0.222222222222222,9,0,0
629,7,6,0.285714285714286,7,0,0
1340,7,6,0.285714285714286,7,0,0
631,6,5,0.333333333333333,6,0,0
630,5,4,0.4,5,0,0
733,5,4,0.4,5,0,0
886,5,4,0.4,5,0,0
1183,5,4,0.4,5,0,0
